<?xml version="1.0" encoding="UTF-8"?>
<metadata xml:lang="en"><Esri><CreaDate>20190323</CreaDate><CreaTime>09355700</CreaTime><ArcGISFormat>1.0</ArcGISFormat><SyncOnce>TRUE</SyncOnce><DataProperties><lineage><Process ToolSource="c:\program files (x86)\arcgis\desktop10.6\ArcToolbox\Toolboxes\Data Management Tools.tbx\Project" Date="20190322" Time="231156">Project C:\GIS\TIGER\tl_2018_us_state.shp C:\GIS\TIGER\2018_us_state_wgs84.shp GEOGCS['GCS_WGS_1984',DATUM['D_WGS_1984',SPHEROID['WGS_1984',6378137.0,298.257223563]],PRIMEM['Greenwich',0.0],UNIT['Degree',0.0174532925199433]] WGS_1984_(ITRF00)_To_NAD_1983 GEOGCS['GCS_North_American_1983',DATUM['D_North_American_1983',SPHEROID['GRS_1980',6378137.0,298.257222101]],PRIMEM['Greenwich',0.0],UNIT['Degree',0.0174532925199433]] NO_PRESERVE_SHAPE # NO_VERTICAL</Process></lineage><itemProps><itemLocation><linkage Sync="TRUE">file://\\DESKTOP-QL4H7F7\C$\School\G575\lab 2\us_states_shp\2018_us_state_wgs84_lowAtt</linkage><protocol Sync="TRUE">Local Area Network</protocol></itemLocation></itemProps><copyHistory><copy source="C:\GIS\TIGER\2018_us_state_wgs84_lowAtt" dest="\\DESKTOP-QL4H7F7\C$\School\G575\lab 2\us_states_shp\2018_us_state_wgs84_lowAtt" date="20190323" time="09355700"></copy></copyHistory></DataProperties></Esri></metadata>
